{
    "fields": [
        {
            "hidden": false,
            "id": "id",
            "internal": true,
            "key": true,
            "oid": "6a0869c8-8e90-44f9-ac96-b202d74f2f4d",
            "required": true,
            "singularName": "Id",
            "type": "number",
            "unique": true
        },
        {
            "hidden": false,
            "id": "creationDate",
            "internal": true,
            "key": false,
            "oid": "da09f5af-36ef-4413-ae3e-64d6e4b3196e",
            "singularName": "Creation Date",
            "type": "datetime"
        },
        {
            "hidden": false,
            "id": "lastUpdateDate",
            "internal": true,
            "key": false,
            "oid": "aae3c1f4-499a-466e-9874-f767d0187514",
            "singularName": "Last Update Date",
            "type": "datetime"
        },
        {
            "hidden": false,
            "id": "createdBy",
            "internal": true,
            "key": false,
            "oid": "199785c9-a90a-476d-9d21-cb5ecb50ffd7",
            "singularName": "Created By",
            "type": "string"
        },
        {
            "hidden": false,
            "id": "lastUpdatedBy",
            "internal": true,
            "key": false,
            "oid": "42475704-8472-4c5f-a2b9-68abc023c8da",
            "singularName": "Last Updated By",
            "type": "string"
        },
        {
            "hidden": true,
            "id": "abcsChangeNumber",
            "internal": true,
            "key": false,
            "oid": "ec13cfed-db62-43ba-a44c-2532b1963208",
            "singularName": "Update ID",
            "type": "number"
        },
        {
            "id": "course",
            "oid": "3627ee41-da8b-4c1a-932b-b4e82e75096e",
            "required": true,
            "singularName": "course",
            "type": "reference"
        },
        {
            "id": "prerequisite",
            "oid": "eadc6fb2-c24c-4a3c-92e6-b9f8dfd8077f",
            "required": true,
            "singularName": "prerequisite",
            "type": "reference"
        }
    ],
    "hidden": false,
    "id": "PrerequisiteCourse",
    "oid": "ba615454-2ae8-40f9-9c5c-351996926c32",
    "relations": [
        {
            "accessorId": "courseObject",
            "cardinality": "manyToOne",
            "defaultDisplayFieldId": "courseNumber",
            "deleteRule": "restrict",
            "mappingFieldId": "course",
            "sourceEntityId": "PrerequisiteCourse",
            "targetEntityId": "Course"
        },
        {
            "accessorId": "prerequisiteObject",
            "cardinality": "manyToOne",
            "defaultDisplayFieldId": "courseNumber",
            "deleteRule": "restrict",
            "mappingFieldId": "prerequisite",
            "sourceEntityId": "PrerequisiteCourse",
            "targetEntityId": "Course"
        }
    ],
    "singularName": "Prerequisite Course"
}