{
  "pageModelVersion": "18.1.5",
  "title": "Edit Class",
  "description": "Updates single Class record",
  "variables": {
    "classRecord": {
      "type": "application:updateClassRequest"
    },
    "classId": {
      "required": true,
      "type": "string",
      "input": "fromUrl"
    },
    "courseOptions": {
      "type": [
        {
          "id": "number",
          "value": "string"
        }
      ]
    }
  },
  "chains": {
    "goBackChain": {
      "root": "navigateBack",
      "actions": {
        "navigateBack": {
          "module": "vb/action/builtin/navigateBackAction",
          "outcomes": {
            "success": ""
          }
        }
      }
    },
    "loadClassChain": {
      "root": "loadClass",
      "actions": {
        "loadClass": {
          "module": "vb/action/builtin/restAction",
          "parameters": {
            "endpoint": "businessObjects/get_Class",
            "uriParams": {
              "Class_Id": "{{ $page.variables.classId }}"
            }
          },
          "outcomes": {
            "success": "assignPayload",
            "failure": "fireErrorNotification"
          }
        },
        "assignPayload": {
          "module": "vb/action/builtin/assignVariablesAction",
          "parameters": {
            "$page.variables.classRecord": {
              "source": "{{ $chain.results.loadClass.body }}"
            }
          },
          "outcomes": {}
        },
        "fireErrorNotification": {
          "module": "vb/action/builtin/fireNotificationEventAction",
          "parameters": {
            "message": "{{ 'Could not load data: status ' + $chain.results.loadClass.payload.status }}",
            "type": "error",
            "displayMode": "persist"
          },
          "outcomes": {}
        }
      }
    },
    "saveClassChain": {
      "root": "saveClass",
      "actions": {
        "saveClass": {
          "module": "vb/action/builtin/restAction",
          "parameters": {
            "endpoint": "businessObjects/update_Class",
            "body": "{{ $page.variables.classRecord }}",
            "requestType": "json",
            "uriParams": {
              "Class_Id": "{{ $page.variables.classId }}"
            }
          },
          "outcomes": {
            "success": "assignPayload",
            "failure": "fireErrorNotification"
          }
        },
        "assignPayload": {
          "module": "vb/action/builtin/assignVariablesAction",
          "parameters": {
            "$page.variables.classRecord": {
              "source": "{{ $chain.results.saveClass.body }}"
            }
          },
          "outcomes": {
            "success": "fireSuccessNotification"
          }
        },
        "fireSuccessNotification": {
          "module": "vb/action/builtin/fireNotificationEventAction",
          "parameters": {
            "message": "Class record successfully update",
            "type": "confirmation",
            "displayMode": "transient"
          }
        },
        "fireErrorNotification": {
          "module": "vb/action/builtin/fireNotificationEventAction",
          "parameters": {
            "message": "{{ 'Could not update Class: status ' + $chain.results.saveClass.payload.status }}",
            "type": "error",
            "displayMode": "persist"
          }
        }
      }
    },
    "populateCourseOptions": {
      "root": "callRestEndpoint1",
      "description": "",
      "actions": {
        "callRestEndpoint1": {
          "module": "vb/action/builtin/restAction",
          "parameters": {
            "endpoint": "businessObjects/getall_Course"
          },
          "outcomes": {
            "success": "AssignCourses"
          }
        },
        "AssignCourses": {
          "module": "vb/action/builtin/assignVariablesAction",
          "parameters": {
            "$page.variables.courseOptions": {
              "source": "{{ $chain.results.callRestEndpoint1.body.items }}",
              "mapping": {
                "$target.id": "$source.id",
                "$target.value": "$source.title"
              }
            }
          }
        }
      }
    }
  },
  "eventListeners": {
    "backButtonClicked": {
      "chains": [
        {
          "chainId": "goBackChain"
        }
      ]
    },
    "saveButtonClicked": {
      "chains": [
        {
          "chainId": "saveClassChain"
        }
      ]
    },
    "vbEnter": {
      "chains": [
        {
          "chainId": "loadClassChain"
        },
        {
          "chainId": "populateCourseOptions",
          "parameters": {}
        }
      ]
    }
  },
  "imports": {
    "components": {
      "oj-input-time": {
        "path": "ojs/ojdatetimepicker"
      },
      "oj-input-text": {
        "path": "ojs/ojinputtext"
      },
      "oj-form-layout": {
        "path": "ojs/ojformlayout"
      },
      "oj-toolbar": {
        "path": "ojs/ojtoolbar"
      },
      "oj-button": {
        "path": "ojs/ojbutton"
      },
      "oj-label": {
        "path": "ojs/ojlabel"
      },
      "oj-select-one": {
        "path": "ojs/ojselectcombobox"
      }
    }
  }
}