{
  "pageModelVersion": "18.1.5",
  "title": "My start page",
  "description": "The starting page of the flow",
  "variables": {
    "classListServiceDataProvider": {
      "defaultValue": {
        "endpoint": "businessObjects/getall_Class",
        "idAttribute": "id",
        "itemsPath": "items",
        "responseType": "application:getallClassResponse",
        "uriParameters": {
          "fields": "{{ 'id,name,startTime,endTime,daysOffered;courseObject:id,title'  }}",
          "onlyData": "{{ true }}"
        }
      },
      "type": "vb/ServiceDataProvider"
    },
    "oj_list_view_907703204_1SelectedId": {
      "defaultValue": "",
      "type": "string"
    }
  },
  "chains": {
    "oj_list_view_907703204_1ChangeSelectionChain": {
      "variables": {
        "classId": {
          "defaultValue": "",
          "type": "string",
          "input": "fromCaller"
        }
      },
      "root": "assignVariable",
      "actions": {
        "assignVariable": {
          "module": "vb/action/builtin/assignVariablesAction",
          "parameters": {
            "$page.variables.oj_list_view_907703204_1SelectedId": {
              "source": "[[ $chain.variables.classId ]]"
            }
          },
          "outcomes": {
            "success": ""
          }
        }
      }
    },
    "navigateToEditClassChain": {
      "root": "navigateToEdit",
      "actions": {
        "navigateToEdit": {
          "module": "vb/action/builtin/navigateToPageAction",
          "parameters": {
            "history": "push",
            "page": "EditClass",
            "params": {
              "classId": "[[ $page.variables.oj_list_view_907703204_1SelectedId ]]"
            }
          },
          "outcomes": {
            "success": ""
          }
        }
      }
    }
  },
  "eventListeners": {
    "oj_list_view_907703204_1SelectionChanged": {
      "chains": [
        {
          "chainId": "oj_list_view_907703204_1ChangeSelectionChain",
          "parameters": {
            "classId": "[[ $event.detail.value[0] || '' ]]"
          }
        }
      ]
    },
    "editClassButtonClicked": {
      "chains": [
        {
          "chainId": "navigateToEditClassChain"
        }
      ]
    }
  },
  "imports": {
    "components": {
      "oj-list-view": {
        "path": "ojs/ojlistview"
      },
      "oj-label": {
        "path": "ojs/ojlabel"
      },
      "oj-button": {
        "path": "ojs/ojbutton"
      }
    }
  }
}