{
    "fields": [
        {
            "hidden": false,
            "id": "id",
            "internal": true,
            "key": true,
            "oid": "daf09cc4-dbc3-4119-a6fe-f7bc9af22d5c",
            "required": true,
            "singularName": "Id",
            "type": "number",
            "unique": true
        },
        {
            "hidden": false,
            "id": "creationDate",
            "internal": true,
            "key": false,
            "oid": "26d22b04-e8cf-4781-b8d4-2bdd9111d0a6",
            "singularName": "Creation Date",
            "type": "datetime"
        },
        {
            "hidden": false,
            "id": "lastUpdateDate",
            "internal": true,
            "key": false,
            "oid": "75c9c321-9045-4114-b727-4e99ce9776d3",
            "singularName": "Last Update Date",
            "type": "datetime"
        },
        {
            "hidden": false,
            "id": "createdBy",
            "internal": true,
            "key": false,
            "oid": "cdb932c2-bdf9-453b-8258-71b9d12b1896",
            "singularName": "Created By",
            "type": "string"
        },
        {
            "hidden": false,
            "id": "lastUpdatedBy",
            "internal": true,
            "key": false,
            "oid": "52b0aaed-30f3-42c1-a819-e692de1d6ccd",
            "singularName": "Last Updated By",
            "type": "string"
        },
        {
            "hidden": true,
            "id": "abcsChangeNumber",
            "internal": true,
            "key": false,
            "oid": "9610c17c-a17e-4f66-8d53-3412efc92f53",
            "singularName": "Update ID",
            "type": "number"
        },
        {
            "id": "instructor",
            "oid": "a88ee5bb-4a8c-4f5b-aa38-bc51234be20b",
            "required": true,
            "singularName": "instructor",
            "type": "reference"
        },
        {
            "id": "class",
            "oid": "6c55e36c-d145-4a16-b3b5-ae284cdffbc9",
            "required": true,
            "singularName": "class",
            "type": "reference"
        }
    ],
    "hidden": false,
    "id": "ClassInstructor",
    "oid": "e7e05df1-18e9-4206-bede-f0ef43da9ecb",
    "relations": [
        {
            "accessorId": "classObject",
            "cardinality": "manyToOne",
            "defaultDisplayFieldId": "name",
            "deleteRule": "restrict",
            "mappingFieldId": "class",
            "sourceEntityId": "ClassInstructor",
            "targetEntityId": "Class"
        },
        {
            "accessorId": "instructorObject",
            "cardinality": "manyToOne",
            "defaultDisplayFieldId": "fullName",
            "deleteRule": "restrict",
            "mappingFieldId": "instructor",
            "sourceEntityId": "ClassInstructor",
            "targetEntityId": "Instructor"
        }
    ],
    "singularName": "Class Instructor"
}