{
    "fields": [
        {
            "hidden": false,
            "id": "id",
            "internal": true,
            "key": true,
            "oid": "9ca2f9a2-8ea2-4579-b5cc-629d729ea12f",
            "required": true,
            "singularName": "Id",
            "type": "number",
            "unique": true
        },
        {
            "hidden": false,
            "id": "creationDate",
            "internal": true,
            "key": false,
            "oid": "8f242698-ef6b-44f0-b5b4-a34522604e68",
            "singularName": "Creation Date",
            "type": "datetime"
        },
        {
            "hidden": false,
            "id": "lastUpdateDate",
            "internal": true,
            "key": false,
            "oid": "83b91597-5de1-4304-8770-f93fe3673606",
            "singularName": "Last Update Date",
            "type": "datetime"
        },
        {
            "hidden": false,
            "id": "createdBy",
            "internal": true,
            "key": false,
            "oid": "9dd60fed-b25d-46e5-8f2c-89a8210d3dde",
            "singularName": "Created By",
            "type": "string"
        },
        {
            "hidden": false,
            "id": "lastUpdatedBy",
            "internal": true,
            "key": false,
            "oid": "353b7c41-087f-47c7-a5f2-8c990977e362",
            "singularName": "Last Updated By",
            "type": "string"
        },
        {
            "hidden": true,
            "id": "abcsChangeNumber",
            "internal": true,
            "key": false,
            "oid": "f47e3acd-cbf3-48b5-9faf-ec8f402209d8",
            "singularName": "Update ID",
            "type": "number"
        },
        {
            "id": "name",
            "oid": "c4b97e7d-3a57-453c-ad0f-9d2f51d554a4",
            "singularName": "name",
            "type": "string"
        },
        {
            "id": "code",
            "oid": "d447e8f6-540d-4852-b6fa-7daa84495877",
            "singularName": "code",
            "type": "string"
        }
    ],
    "hidden": false,
    "id": "Subject",
    "oid": "5d8baf42-db7e-4c02-8f08-8ecc8b5c4e62",
    "singularName": "Subject"
}