{
    "fields": [
        {
            "hidden": false,
            "id": "id",
            "internal": true,
            "key": true,
            "oid": "be42c618-7263-45da-bff4-38986aa04d5e",
            "required": true,
            "singularName": "Id",
            "type": "number",
            "unique": true
        },
        {
            "hidden": false,
            "id": "creationDate",
            "internal": true,
            "key": false,
            "oid": "aae419df-a93e-446c-80a6-044aea5b8328",
            "singularName": "Creation Date",
            "type": "datetime"
        },
        {
            "hidden": false,
            "id": "lastUpdateDate",
            "internal": true,
            "key": false,
            "oid": "2d0de6e5-3ea4-4e68-ac92-70e40cbfae9e",
            "singularName": "Last Update Date",
            "type": "datetime"
        },
        {
            "hidden": false,
            "id": "createdBy",
            "internal": true,
            "key": false,
            "oid": "f632ed63-3deb-433d-8670-24d3bd2d9411",
            "singularName": "Created By",
            "type": "string"
        },
        {
            "hidden": false,
            "id": "lastUpdatedBy",
            "internal": true,
            "key": false,
            "oid": "92e49021-a97f-40d1-9a8a-e3c075e99a02",
            "singularName": "Last Updated By",
            "type": "string"
        },
        {
            "hidden": true,
            "id": "abcsChangeNumber",
            "internal": true,
            "key": false,
            "oid": "645689e8-981d-446e-a494-befe82fadc2a",
            "singularName": "Update ID",
            "type": "number"
        },
        {
            "id": "name",
            "oid": "7eb2f9bc-5b76-4c33-af8d-85a79e1e56f1",
            "singularName": "name",
            "type": "string"
        },
        {
            "id": "code",
            "oid": "e5f1411d-1a4e-4921-9fc1-88698b32853c",
            "singularName": "code",
            "type": "string"
        }
    ],
    "hidden": false,
    "id": "Subject",
    "oid": "e35b623a-1c2e-40af-ba82-2d3843cb01cd",
    "singularName": "Subject"
}