{
  "applicationModelVersion": "18.1.5",
  "id": "starter",
  "description": "A new VB app",
  "defaultPage": "app",
  "chains": {},
  "services": {
    "businessObjects": "../../services/businessObjects/service.json"
  },
  "types": {
    "getallClassResponse": {
      "items": [
        {
          "id": "number",
          "name": "string",
          "daysOffered": "string",
          "startTime": "string",
          "endTime": "string"
        }
      ]
    },
    "updateClassRequest": {
      "name": "string",
      "daysOffered": "string",
      "startTime": "string",
      "endTime": "string"
    }
  },
  "variables": {},
  "userConfig": {
    "type": "vb/UserSecurityProvider",
    "configuration": {}
  }
}