{
    "fields": [
        {
            "hidden": false,
            "id": "id",
            "internal": true,
            "key": true,
            "oid": "791a535d-c382-4ee8-8ac2-eb78b49831ce",
            "required": true,
            "singularName": "Id",
            "type": "number",
            "unique": true
        },
        {
            "hidden": false,
            "id": "creationDate",
            "internal": true,
            "key": false,
            "oid": "bb88a016-3d98-4c39-84f4-8289f591a033",
            "singularName": "Creation Date",
            "type": "datetime"
        },
        {
            "hidden": false,
            "id": "lastUpdateDate",
            "internal": true,
            "key": false,
            "oid": "634e7c60-13c0-4218-b141-0dacda2b8d15",
            "singularName": "Last Update Date",
            "type": "datetime"
        },
        {
            "hidden": false,
            "id": "createdBy",
            "internal": true,
            "key": false,
            "oid": "9ba53f66-6a0b-4c9e-be27-fcbcbe3331aa",
            "singularName": "Created By",
            "type": "string"
        },
        {
            "hidden": false,
            "id": "lastUpdatedBy",
            "internal": true,
            "key": false,
            "oid": "90cdb485-b1bc-46a4-90eb-34f514da0259",
            "singularName": "Last Updated By",
            "type": "string"
        },
        {
            "hidden": true,
            "id": "abcsChangeNumber",
            "internal": true,
            "key": false,
            "oid": "899aada2-065f-4d8a-9b68-a7e24d07a108",
            "singularName": "Update ID",
            "type": "number"
        },
        {
            "id": "rating",
            "oid": "6c21cf76-2213-469d-b5b5-07c48fea0a99",
            "singularName": "rating",
            "type": "number"
        },
        {
            "id": "review",
            "oid": "6e45afd2-3ec7-4fd4-8314-701e23756851",
            "singularName": "review",
            "type": "string"
        },
        {
            "id": "course",
            "oid": "57a383bf-e5a1-4a06-bf35-c66ce85410bc",
            "required": true,
            "singularName": "course",
            "type": "reference"
        }
    ],
    "hidden": false,
    "id": "CourseFeedback",
    "oid": "21c5d895-64e0-4f74-902b-66c5d51a2f22",
    "relations": [
        {
            "accessorId": "courseObject",
            "cardinality": "manyToOne",
            "defaultDisplayFieldId": "title",
            "deleteRule": "restrict",
            "mappingFieldId": "course",
            "sourceEntityId": "CourseFeedback",
            "targetEntityId": "Course"
        }
    ],
    "singularName": "Course Feedback"
}