{
    "fields": [
        {
            "hidden": false,
            "id": "id",
            "internal": true,
            "key": true,
            "oid": "4fd9c5da-1c82-47d8-9343-45cee6fd3f41",
            "required": true,
            "singularName": "Id",
            "type": "number",
            "unique": true
        },
        {
            "hidden": false,
            "id": "creationDate",
            "internal": true,
            "key": false,
            "oid": "65669d30-ffd0-4b54-b412-0ea70102b3dd",
            "singularName": "Creation Date",
            "type": "datetime"
        },
        {
            "hidden": false,
            "id": "lastUpdateDate",
            "internal": true,
            "key": false,
            "oid": "66d6bc86-dbfc-4297-9502-f8dd4231e8f0",
            "singularName": "Last Update Date",
            "type": "datetime"
        },
        {
            "hidden": false,
            "id": "createdBy",
            "internal": true,
            "key": false,
            "oid": "6f0c01af-fd25-43b6-9953-5f6917673fbe",
            "singularName": "Created By",
            "type": "string"
        },
        {
            "hidden": false,
            "id": "lastUpdatedBy",
            "internal": true,
            "key": false,
            "oid": "e439def9-a5d7-420a-aaf6-056e0696ae45",
            "singularName": "Last Updated By",
            "type": "string"
        },
        {
            "hidden": true,
            "id": "abcsChangeNumber",
            "internal": true,
            "key": false,
            "oid": "c24f3ee7-419e-422f-bf69-ea46c10c754c",
            "singularName": "Update ID",
            "type": "number"
        },
        {
            "id": "rating",
            "oid": "b9896f0d-a615-43c8-9c34-4624a3f8049a",
            "singularName": "rating",
            "type": "number"
        },
        {
            "id": "review",
            "oid": "9b5f3d76-cf52-4acd-b491-530fa31d1459",
            "singularName": "review",
            "type": "string"
        },
        {
            "id": "course",
            "oid": "597b0ba8-2a3b-46f8-8a8c-ab73d93f1c6d",
            "required": true,
            "singularName": "course",
            "type": "reference"
        }
    ],
    "hidden": false,
    "id": "CourseFeedback",
    "oid": "22c014a2-f68e-4474-8855-5ed0a92a9308",
    "relations": [
        {
            "accessorId": "courseObject",
            "cardinality": "manyToOne",
            "defaultDisplayFieldId": "title",
            "deleteRule": "restrict",
            "mappingFieldId": "course",
            "sourceEntityId": "CourseFeedback",
            "targetEntityId": "Course"
        }
    ],
    "singularName": "Course Feedback"
}