id,creationDate,lastUpdateDate,createdBy,lastUpdatedBy,course,term,name,daysOffered,startTime,endTime,enrollmentLimit,enrolled,waitlistLimit,waitlisted,seatsOpen,room
1,2018-02-01T21:09:45,2018-02-01T23:12:07,sherry.yu@oracle.com,sherry.yu@oracle.com,1,1,CS106A | Fall 2017,MWF,T13:30:00,T14:20:00,200.0,50.0,30.0,0.0,150.0,2
2,2018-02-01T21:10:43,2018-02-01T23:12:15,sherry.yu@oracle.com,sherry.yu@oracle.com,1,2,CS106A | Winter 2018,MWF,T13:30:00,T14:20:00,100.0,0.0,40.0,0.0,60.0,1
3,2018-02-01T21:16:00,2018-02-01T23:12:21,sherry.yu@oracle.com,sherry.yu@oracle.com,1,3,CS106A | Spring 2018,MWF,T13:30:00,T14:20:00,100.0,25.0,20.0,0.0,75.0,2
4,2018-03-01T17:02:03,2018-03-01T17:02:03,268ec2d0c7f0495497ab9a38ed267311,268ec2d0c7f0495497ab9a38ed267311,4,1,PHIL100 | Fall 2018,MTW,T13:00:00,T14:30:00,200.0,150.0,30.0,0.0,50.0,3
5,2018-03-01T17:02:03,2018-03-01T17:02:03,268ec2d0c7f0495497ab9a38ed267311,268ec2d0c7f0495497ab9a38ed267311,4,2,PHIL100 | Winter 2018,MTW,T13:00:00,T14:30:00,100.0,0.0,40.0,0.0,60.0,2
6,2018-03-01T17:02:03,2018-03-01T17:02:03,268ec2d0c7f0495497ab9a38ed267311,268ec2d0c7f0495497ab9a38ed267311,4,3,PHIL100 | Spring 2018,MTW,T13:00:00,T14:30:00,100.0,25.0,20.0,0.0,75.0,3
