id,creationDate,lastUpdateDate,createdBy,lastUpdatedBy,title,description,subject,credits,website,courseNumber
1,2018-02-01T20:19:56,2018-02-06T21:47:48,sherry.yu@oracle.com,sherry.yu@oracle.com,Programming Methodology,"Introduction to the engineering of computer applications emphasizing modern software engineering principles: object-oriented design, decomposition, encapsulation, abstraction, and testing. Emphasis is on good programming style and the built-in facilities of respective languages. No prior programming experience required. ",1,5.0,http://cs106a.stanford.edu/,CS106A
2,2018-02-01T20:21:02,2018-02-06T21:47:56,sherry.yu@oracle.com,sherry.yu@oracle.com,Programming Abstractions,"Abstraction and its relation to programming. Software engineering principles of data abstraction and modularity. Object-oriented programming, fundamental data structures (such as stacks, queues, sets) and data-directed design. Recursion and recursive data structures (linked lists, trees, graphs). Introduction to time and space complexity analysis. Uses the programming language C++ covering its basic facilities. ",1,5.0,http://cs106b.stanford.edu/,CS106B
3,2018-02-01T21:29:44,2018-02-06T21:48:02,sherry.yu@oracle.com,sherry.yu@oracle.com,Computer Organization and System,"Introduction to the fundamental concepts of computer systems. Explores how computer systems execute programs and manipulate data, working from the C programming language down to the microprocessor. Topics covered include: the C programming language, data representation, machine-level code, computer arithmetic, elements of code compilation, memory organization and management, and performance evaluation and optimization. ",1,5.0,http://cs107.stanford.edu/,CS107
4,2018-03-01T17:00:52,2018-03-01T17:00:52,268ec2d0c7f0495497ab9a38ed267311,268ec2d0c7f0495497ab9a38ed267311,Introduction to Philosophy,"An introduction to philosophy through topics found in classical philosophical writings, such as the nature of truth and knowledge, mind and body, freedom and determinism, right and wrong, and the existence of God. Course content varies from instructor to instructor. Specific course descriptions will be available in the department prior to registration.",1,5.0,http://phil101.stanford.edu/,PHIL101
5,2018-03-01T17:00:52,2018-03-01T17:00:52,268ec2d0c7f0495497ab9a38ed267311,268ec2d0c7f0495497ab9a38ed267311,Critical Thinking,"This course introduces and explores the main principles and methods of Critical Thinking: distinguishing between good and bad arguments; identifying common fallacies; developing strong and persuasive arguments; the difference between deductive and inductive reasoning; constructing logical proofs; the nature of scientific, moral, and legal reasoning; evaluating polls and statistical hypotheses; understanding probability; deciding how to act under uncertainty. Students will apply these principles and methods to numerous academic and 'everyday' contexts, including journals, the print press, blogs, political rhetoric, advertising and documentaries. We will regularly reflect upon more broadly philosophical matters related to Critical Thinking - such as the nature of truth and objectivity and the distinction between science and pseudo-science - and examine a number of intriguing philosophical paradoxes.",1,5.0,http://phil110.stanford.edu/,PHIL110
6,2018-03-01T17:00:52,2018-03-01T17:00:52,268ec2d0c7f0495497ab9a38ed267311,268ec2d0c7f0495497ab9a38ed267311,Introduction to Symbolic Logic,"An introduction to formal methods for evaluating deductive arguments. Topics include formal fallacies, decision procedures, translation of arguments to argument forms, and natural deduction proofs in propositional and predicate logic.",1,5.0,http://phil111.stanford.edu/,PHIL111
