id,creationDate,lastUpdateDate,createdBy,lastUpdatedBy,name
1,2018-02-01T20:00:55,2018-02-01T20:00:55.03,sherry.yu@oracle.com,sherry.yu@oracle.com,Fall 2017
2,2018-02-01T20:01:08,2018-02-01T20:01:08.007,sherry.yu@oracle.com,sherry.yu@oracle.com,Winter 2018
3,2018-02-01T20:01:14,2018-02-01T20:01:14.009,sherry.yu@oracle.com,sherry.yu@oracle.com,Spring 2018
4,2018-02-01T20:01:24,2018-02-01T20:01:24.005,sherry.yu@oracle.com,sherry.yu@oracle.com,Summer 2018
5,2018-02-01T20:01:31,2018-02-01T20:01:31.007,sherry.yu@oracle.com,sherry.yu@oracle.com,Fall 2018
