{
    "fields": [
        {
            "hidden": false,
            "id": "id",
            "internal": true,
            "key": true,
            "oid": "505cfb1f-fc1f-4788-a5e8-316050d8bcca",
            "required": true,
            "singularName": "Id",
            "type": "number",
            "unique": true
        },
        {
            "hidden": false,
            "id": "creationDate",
            "internal": true,
            "key": false,
            "oid": "49aaf75c-4d81-49b1-b6c1-57d49b697160",
            "singularName": "Creation Date",
            "type": "datetime"
        },
        {
            "hidden": false,
            "id": "lastUpdateDate",
            "internal": true,
            "key": false,
            "oid": "d123bac2-6aeb-416a-8205-6b0bcdfee4a1",
            "singularName": "Last Update Date",
            "type": "datetime"
        },
        {
            "hidden": false,
            "id": "createdBy",
            "internal": true,
            "key": false,
            "oid": "51ce8491-3ac1-4598-afab-c97b09036756",
            "singularName": "Created By",
            "type": "string"
        },
        {
            "hidden": false,
            "id": "lastUpdatedBy",
            "internal": true,
            "key": false,
            "oid": "d5d8dd52-d4ac-4f84-ab16-134785a4da60",
            "singularName": "Last Updated By",
            "type": "string"
        },
        {
            "hidden": true,
            "id": "abcsChangeNumber",
            "internal": true,
            "key": false,
            "oid": "ac3fa11b-97a0-4fbf-a867-73454d55508b",
            "singularName": "Update ID",
            "type": "number"
        },
        {
            "id": "course",
            "oid": "a6120ab8-3287-4d1e-86f9-1bbb0def8a4b",
            "singularName": "course",
            "type": "reference"
        },
        {
            "id": "term",
            "oid": "5667d070-f9b4-4616-8551-8ce9505d87f0",
            "singularName": "term",
            "type": "reference"
        },
        {
            "id": "name",
            "oid": "24664792-8eec-4d5b-a83b-a0edf3bb9722",
            "singularName": "name",
            "type": "string"
        },
        {
            "id": "daysOffered",
            "oid": "9633cd73-b083-477d-bb0b-51f3e3994552",
            "singularName": "daysOffered",
            "type": "string"
        },
        {
            "id": "startTime",
            "oid": "eff9513b-efb0-4877-b8e8-32f7a6397c3f",
            "singularName": "startTime",
            "type": "time"
        },
        {
            "id": "endTime",
            "oid": "b65e512b-cf49-4d83-b6d6-a5aa61298a49",
            "singularName": "endTime",
            "type": "time"
        },
        {
            "id": "enrollmentLimit",
            "oid": "8b75b7d9-c796-46f2-a032-c7bbcfd4e1cd",
            "singularName": "enrollmentLimit",
            "type": "number"
        },
        {
            "id": "enrolled",
            "oid": "4b5ed16a-2a03-4279-b065-8707613a14af",
            "singularName": "enrolled",
            "type": "number"
        },
        {
            "id": "waitlistLimit",
            "oid": "608d5688-0580-4760-af7a-99efc16a0709",
            "singularName": "waitlistLimit",
            "type": "number"
        },
        {
            "id": "waitlisted",
            "oid": "ccfd9983-1bef-4fa2-b7bf-bffc8aeafa1a",
            "singularName": "waitlisted",
            "type": "number"
        },
        {
            "id": "seatsOpen",
            "oid": "f6ee0c30-393b-4d45-8b19-75daae910f6c",
            "singularName": "seatsOpen",
            "type": "number"
        },
        {
            "id": "room",
            "oid": "ae7cfcf3-795a-4254-8ca9-c3dc22a07ff8",
            "singularName": "room",
            "type": "reference"
        }
    ],
    "hidden": false,
    "id": "Class",
    "oid": "c02872c3-28f3-4e53-8492-6d379c2ef6bf",
    "relations": [
        {
            "accessorId": "courseObject",
            "cardinality": "manyToOne",
            "defaultDisplayFieldId": "title",
            "deleteRule": "restrict",
            "mappingFieldId": "course",
            "sourceEntityId": "Class",
            "targetEntityId": "Course"
        },
        {
            "accessorId": "roomObject",
            "cardinality": "manyToOne",
            "defaultDisplayFieldId": "name",
            "deleteRule": "restrict",
            "mappingFieldId": "room",
            "sourceEntityId": "Class",
            "targetEntityId": "Room"
        },
        {
            "accessorId": "termObject",
            "cardinality": "manyToOne",
            "defaultDisplayFieldId": "name",
            "deleteRule": "restrict",
            "mappingFieldId": "term",
            "sourceEntityId": "Class",
            "targetEntityId": "Term"
        }
    ],
    "singularName": "Class"
}