{
    "fields": [
        {
            "hidden": false,
            "id": "id",
            "internal": true,
            "key": true,
            "oid": "beb2df7a-d5d6-4caf-8ab1-a16cb11886eb",
            "required": true,
            "singularName": "Id",
            "type": "number",
            "unique": true
        },
        {
            "hidden": false,
            "id": "creationDate",
            "internal": true,
            "key": false,
            "oid": "458bf441-8d53-457a-b560-2435c1917da8",
            "singularName": "Creation Date",
            "type": "datetime"
        },
        {
            "hidden": false,
            "id": "lastUpdateDate",
            "internal": true,
            "key": false,
            "oid": "6e4307f2-0336-4b5b-8b61-7ee791b5e07f",
            "singularName": "Last Update Date",
            "type": "datetime"
        },
        {
            "hidden": false,
            "id": "createdBy",
            "internal": true,
            "key": false,
            "oid": "d5dc7213-d4f6-468d-af12-0e50b508e1e0",
            "singularName": "Created By",
            "type": "string"
        },
        {
            "hidden": false,
            "id": "lastUpdatedBy",
            "internal": true,
            "key": false,
            "oid": "50aa7112-a7ec-44d2-b413-0d5ed65295a3",
            "singularName": "Last Updated By",
            "type": "string"
        },
        {
            "hidden": true,
            "id": "abcsChangeNumber",
            "internal": true,
            "key": false,
            "oid": "687cb50b-0972-4578-b236-84073576bb81",
            "singularName": "Update ID",
            "type": "number"
        },
        {
            "id": "title",
            "oid": "edb41904-803e-4509-a261-9d00bd4fb605",
            "singularName": "title",
            "type": "string"
        },
        {
            "id": "description",
            "oid": "6f85d4f9-8007-49a3-99ec-cf311fb7c23f",
            "singularName": "description",
            "type": "string"
        },
        {
            "id": "subject",
            "oid": "1e5fb518-fc05-474d-8816-c0b01e72d604",
            "singularName": "subject",
            "type": "reference"
        },
        {
            "id": "credits",
            "oid": "2b16996f-5566-4c53-8dae-8690635f294d",
            "singularName": "credits",
            "type": "number"
        },
        {
            "id": "website",
            "oid": "533cee96-79ae-476b-8efb-326dd955c646",
            "singularName": "website",
            "type": "string"
        },
        {
            "id": "courseNumber",
            "oid": "3574a88d-d403-4183-9947-a32141618a1e",
            "singularName": "courseNumber",
            "type": "string"
        }
    ],
    "hidden": false,
    "id": "Course",
    "oid": "2320899d-c59b-46d4-a6b0-692ae9316a95",
    "relations": [
        {
            "accessorId": "subjectObject",
            "cardinality": "manyToOne",
            "defaultDisplayFieldId": "name",
            "deleteRule": "restrict",
            "mappingFieldId": "subject",
            "sourceEntityId": "Course",
            "targetEntityId": "Subject"
        }
    ],
    "singularName": "Course"
}