{
  "basePath": "/bpm/api/4.0",
  "definitions": {
    "Action": {
      "properties": {
        "faultActionType": {
          "type": "string"
        },
        "id": {
          "type": "string"
        },
        "processes": {
          "items": {
            "type": "string"
          },
          "type": "array"
        },
        "type": {
          "type": "string"
        }
      },
      "type": "object",
      "xml": {
        "name": "action",
        "namespace": "http://xmlns.oracle.com/bpm/rest/processdef"
      }
    },
    "Arg": {
      "properties": {
        "name": {
          "type": "string"
        },
        "primitive": {
          "default": false,
          "type": "boolean"
        },
        "schema": {
          "additionalProperties": {
            "type": "string"
          },
          "type": "object"
        },
        "type": {
          "$ref": "#/definitions/QName"
        }
      },
      "type": "object"
    },
    "Collection": {
      "properties": {
        "count": {
          "format": "int32",
          "type": "integer"
        },
        "hasMore": {
          "default": false,
          "type": "boolean"
        },
        "items": {
          "items": {
            "type": "object"
          },
          "type": "array"
        },
        "limit": {
          "format": "int32",
          "type": "integer"
        },
        "links": {
          "items": {
            "$ref": "#/definitions/Link"
          },
          "type": "array"
        },
        "offset": {
          "format": "int32",
          "type": "integer"
        },
        "totalResult": {
          "default": false,
          "type": "boolean"
        },
        "totalResults": {
          "format": "int32",
          "type": "integer"
        },
        "userLink": {
          "$ref": "#/definitions/Link"
        }
      },
      "type": "object",
      "xml": {
        "name": "Collection",
        "namespace": "http://xmlns.oracle.com/bpm/rest/v3/common/"
      }
    },
    "CollectionTask": {
      "properties": {
        "count": {
          "format": "int32",
          "type": "integer"
        },
        "hasMore": {
          "default": false,
          "type": "boolean"
        },
        "items": {
          "items": {
            "$ref": "#/definitions/Task"
          },
          "type": "array"
        },
        "limit": {
          "format": "int32",
          "type": "integer"
        },
        "links": {
          "items": {
            "$ref": "#/definitions/Link"
          },
          "type": "array"
        },
        "offset": {
          "format": "int32",
          "type": "integer"
        },
        "totalResult": {
          "default": false,
          "type": "boolean"
        },
        "totalResults": {
          "format": "int32",
          "type": "integer"
        },
        "userLink": {
          "$ref": "#/definitions/Link"
        }
      },
      "type": "object",
      "xml": {
        "name": "Collection",
        "namespace": "http://xmlns.oracle.com/bpm/rest/v3/common/"
      }
    },
    "Comment": {
      "properties": {
        "commentScope": {
          "type": "string"
        },
        "commentStr": {
          "type": "string"
        }
      },
      "type": "object",
      "xml": {
        "name": "comment",
        "namespace": "http://xmlns.oracle.com/bpm/rest/tasks"
      }
    },
    "GenericMap": {
      "properties": {
        "category": {
          "type": "string"
        },
        "dataType": {
          "type": "string"
        },
        "displayName": {
          "type": "string"
        },
        "name": {
          "type": "string"
        },
        "readOnly": {
          "type": "string"
        },
        "value": {
          "type": "string"
        }
      },
      "type": "object",
      "xml": {
        "name": "genericMap",
        "namespace": "http://xmlns.oracle.com/bpm/rest/tasks"
      }
    },
    "Interface": {
      "properties": {
        "activityDisplayName": {
          "type": "string"
        },
        "args": {
          "items": {
            "$ref": "#/definitions/Arg"
          },
          "type": "array"
        },
        "category": {
          "type": "string"
        },
        "description": {
          "type": "string"
        },
        "formMetadata": {
          "type": "string"
        },
        "operation": {
          "type": "string"
        },
        "serviceName": {
          "type": "string"
        },
        "startType": {
          "type": "string"
        },
        "title": {
          "type": "string"
        }
      },
      "type": "object"
    },
    "Link": {
      "properties": {
        "href": {
          "format": "uri",
          "type": "string"
        },
        "hreflang": {
          "type": "string"
        },
        "length": {
          "format": "int32",
          "type": "integer"
        },
        "mediaType": {
          "type": "string"
        },
        "rel": {
          "type": "string"
        },
        "title": {
          "type": "string"
        },
        "type": {
          "type": "string"
        }
      },
      "required": [
        "href",
        "mediaType",
        "rel"
      ],
      "type": "object",
      "xml": {
        "name": "link",
        "namespace": "http://xmlns.oracle.com/bpm/rest"
      }
    },
    "Payload": {
      "properties": {
        "action": {
          "$ref": "#/definitions/Action"
        },
        "comment": {
          "$ref": "#/definitions/Comment"
        },
        "comments": {
          "type": "string"
        },
        "faultActionType": {
          "type": "string"
        },
        "id": {
          "type": "string"
        },
        "priority": {
          "format": "int32",
          "type": "integer"
        },
        "processes": {
          "items": {
            "type": "string"
          },
          "type": "array"
        },
        "taskSummaryField": {
          "$ref": "#/definitions/TaskSummaryField"
        },
        "type": {
          "type": "string"
        }
      },
      "type": "object",
      "xml": {
        "name": "payload",
        "namespace": "http://xmlns.oracle.com/bpm/rest/tasks"
      }
    },
    "ProcessDef": {
      "properties": {
        "application": {
          "type": "string"
        },
        "applicationDisplayName": {
          "type": "string"
        },
        "category": {
          "type": "string"
        },
        "defaultVersion": {
          "default": false,
          "type": "boolean"
        },
        "domain": {
          "type": "string"
        },
        "interfaces": {
          "items": {
            "$ref": "#/definitions/Interface"
          },
          "type": "array"
        },
        "isConversationEnabledFlag": {
          "default": false,
          "type": "boolean"
        },
        "isDocsEnabledFlag": {
          "default": false,
          "type": "boolean"
        },
        "processCount": {
          "format": "int32",
          "type": "integer"
        },
        "processDefId": {
          "type": "string"
        },
        "processDisplayName": {
          "type": "string"
        },
        "processIcon": {
          "$ref": "#/definitions/ProcessIcon"
        },
        "processName": {
          "type": "string"
        },
        "revision": {
          "type": "string"
        },
        "v4Interfaces": {
          "items": {
            "$ref": "#/definitions/Interface"
          },
          "type": "array",
          "xml": {
            "name": "interfaces"
          }
        }
      },
      "type": "object",
      "xml": {
        "name": "processDef",
        "namespace": "http://xmlns.oracle.com/bpm/rest/processdef"
      }
    },
    "ProcessDefList": {
      "properties": {
        "items": {
          "items": {
            "$ref": "#/definitions/ProcessDef"
          },
          "type": "array"
        }
      },
      "type": "object",
      "xml": {
        "name": "processDefs",
        "namespace": "http://xmlns.oracle.com/bpm/rest/processdef"
      }
    },
    "ProcessIcon": {
      "properties": {
        "colorCode": {
          "type": "string"
        },
        "initials": {
          "type": "string"
        }
      },
      "type": "object"
    },
    "ProcessInstance": {
      "properties": {
        "conversationId": {
          "type": "string"
        },
        "createdBy": {
          "type": "string"
        },
        "createdDate": {
          "type": "string"
        },
        "dueDate": {
          "type": "string"
        },
        "expirationDate": {
          "type": "string"
        },
        "href": {
          "format": "uri",
          "type": "string"
        },
        "isConversationEnabledFlag": {
          "default": false,
          "type": "boolean"
        },
        "isDocsEnabledFlag": {
          "default": false,
          "type": "boolean"
        },
        "ownedBy": {
          "type": "string"
        },
        "priority": {
          "format": "int32",
          "type": "integer"
        },
        "processDN": {
          "type": "string"
        },
        "processDefId": {
          "type": "string"
        },
        "processId": {
          "type": "string"
        },
        "processName": {
          "type": "string"
        },
        "processNumber": {
          "format": "int32",
          "type": "integer"
        },
        "state": {
          "type": "string"
        },
        "title": {
          "type": "string"
        }
      },
      "type": "object",
      "xml": {
        "name": "processInstance",
        "namespace": "http://xmlns.oracle.com/bpm/rest/processdef"
      }
    },
    "QName": {
      "properties": {
        "localPart": {
          "type": "string"
        },
        "namespaceURI": {
          "type": "string"
        },
        "prefix": {
          "type": "string"
        }
      },
      "type": "object"
    },
    "Task": {
      "properties": {
        "attachments": {
          "type": "object"
        },
        "comments": {
          "type": "object"
        },
        "defaultVotingOutcome": {
          "type": "string"
        },
        "history": {
          "type": "object"
        },
        "href": {
          "format": "uri",
          "type": "string"
        },
        "hreflang": {
          "type": "string"
        },
        "isConversationEnabledFlag": {
          "default": false,
          "type": "boolean"
        },
        "isDocsEnabledFlag": {
          "default": false,
          "type": "boolean"
        },
        "length": {
          "format": "int32",
          "type": "integer"
        },
        "managementChainLevel": {
          "type": "string"
        },
        "mediaType": {
          "type": "string"
        },
        "originalAssignees": {
          "type": "string"
        },
        "outcomePercentage": {
          "type": "string"
        },
        "payload": {
          "type": "object"
        },
        "processDefId": {
          "type": "string"
        },
        "processId": {
          "type": "string"
        },
        "rel": {
          "type": "string"
        },
        "rootTaskNumber": {
          "type": "string"
        },
        "routingType": {
          "type": "string"
        },
        "title": {
          "type": "string"
        },
        "type": {
          "type": "string"
        }
      },
      "required": [
        "href",
        "mediaType",
        "rel"
      ],
      "type": "object",
      "xml": {
        "name": "task",
        "namespace": "http://xmlns.oracle.com/bpm/rest/tasks"
      }
    },
    "TaskSummaryField": {
      "properties": {
        "comment": {
          "type": "string"
        },
        "priority": {
          "format": "int32",
          "type": "integer"
        },
        "summaryFields": {
          "items": {
            "$ref": "#/definitions/GenericMap"
          },
          "type": "array"
        },
        "xmlPayload": {
          "type": "string"
        }
      },
      "type": "object",
      "xml": {
        "name": "payload",
        "namespace": "http://xmlns.oracle.com/bpm/rest/tasks"
      }
    }
  },
  "host": "adc00ppe.us.oracle.com:7001",
  "info": {
    "title": "REST API for Oracle Process Cloud Service",
    "version": "1.0.0",
    "x-vb": {
      "dt-serviceAuthentication": {
        "type": "jwt"
      }
    }
  },
  "paths": {
    "/process-definitions": {
      "get": {
        "operationId": "getDefinitions",
        "parameters": [
          {
            "description": "Header to send request to PLAYER (PCS Design-time) if its value is set as dev",
            "in": "header",
            "name": "pcs_mode",
            "type": "string",
            "x-vb-defaultValue": "live"
          },
          {
            "name" : "interfaceFilter",
            "in" : "query",
            "description" : "Retrieves those with forms, without, or both - form, noForm, doc, folder or all",
            "required" : false,
            "type" : "string",
            "default" : "all"
          },
          {
            "description": "True to get processcount else false",
            "in": "query",
            "name": "showProcessInstancesCount",
            "type": "string"
          }
        ],
        "produces": [
          "application/json"
        ],
        "responses": {
          "default": {
            "description": "Success",
            "schema": {
              "$ref": "#/definitions/ProcessDefList"
            }
          }
        },
        "summary": "Retrieve Process Definitions",
        "tags": [
          "Manage Process Definitions"
        ],
        "x-vb-actionHint": "retrieveMany"
      }
    },
    "/processes": {
      "get": {
        "operationId": "getProcesses",
        "parameters": [
          {
            "description": "Header to send request to PLAYER (PCS Design-time) if its value is set as dev",
            "in": "header",
            "name": "pcs_mode",
            "type": "string",
            "x-vb-defaultValue": "live"
          },
          {
            "description": "View name",
            "in": "query",
            "name": "view",
            "type": "string"
          },
          {
            "description": "Process definition ID",
            "in": "query",
            "name": "processDefId",
            "type": "string"
          },
          {
            "description": "Processinstance name",
            "in": "query",
            "items": {
              "type": "string"
            },
            "name": "processName",
            "type": "array"
          },
          {
            "description": "Process priority from 1 (highest) to 5 (lowest) or Any (default)",
            "in": "query",
            "items": {
              "type": "string"
            },
            "name": "priority",
            "type": "array"
          },
          {
            "description": "Process instance owner role name and not individual user assigned to that role",
            "in": "query",
            "items": {
              "type": "string"
            },
            "name": "processOwner",
            "type": "array"
          },
          {
            "description": "Process instance creator",
            "in": "query",
            "items": {
              "type": "string"
            },
            "name": "processCreator",
            "type": "array"
          },
          {
            "description": "Process state",
            "in": "query",
            "items": {
              "type": "string"
            },
            "name": "processState",
            "type": "array"
          },
          {
            "description": "Assignment filter",
            "in": "query",
            "name": "assignmentFilter",
            "type": "string"
          },
          {
            "description": "Start of due date range in ISO-8601 format YYYY-MM-DDTHH:MM:SS[.sss]Z",
            "in": "query",
            "name": "dueDateFrom",
            "type": "string"
          },
          {
            "description": "End of due date range in ISO-8601 format YYYY-MM-DDTHH:MM:SS[.sss]Z",
            "in": "query",
            "name": "dueDateTo",
            "type": "string"
          },
          {
            "description": "Maximum number of items per page, between 1 and 100, default 25",
            "in": "query",
            "name": "limit",
            "type": "integer"
          },
          {
            "description": "Index for the first item on a page of list items",
            "in": "query",
            "name": "offset",
            "type": "integer"
          },
          {
            "description": "Field with which results are to be ordered",
            "in": "query",
            "name": "orderBy",
            "type": "string"
          },
          {
            "description": "Total Result - true or false",
            "in": "query",
            "name": "totalResults",
            "type": "boolean"
          },
          {
            "description": "Returned items must be created or updated later than the specified time, in ISO-8601 format YYYY-MM-DDTHH:MM:SS[.sss]Z",
            "in": "query",
            "name": "since",
            "type": "string"
          },
          {
            "description": "Returned items must be created or updated before the specified time, in ISO-8601 format YYYY-MM-DDTHH:MM:SS[.sss]Z",
            "in": "query",
            "name": "until",
            "type": "string"
          }
        ],
        "produces": [
          "application/json"
        ],
        "responses": {
          "default": {
            "description": "Success",
            "schema": {
              "$ref": "#/definitions/Collection"
            }
          }
        },
        "summary": "Retrieves Process Instance List",
        "tags": [
          "Manage Processes"
        ],
        "x-vb-actionHint": "retrieveMany"
      },
      "post" : {
        "tags" : [ "Manage Processes" ],
        "summary" : "Create a Process Instance",
        "description" : "Creates a new process instance or saves a process instance based on the value of action in the input. The resource takes a multipart input if looking to create a process instance with attachments - JSON as first body  part and attachments as the remaining body parts. The process instance can also be created with only JSON payload to create a process instance if attachments are not needed. The operation and serviceName values in the input payload are optional - if not specified 'operation' defaults to 'start'.",
        "operationId" : "postMessageJson",
        "consumes" : [ "application/json" ],
        "produces" : [ "application/json" ],
        "parameters" : [{
          "description": "Header to send request to PLAYER (PCS Design-time) if its value is set as dev",
          "in": "header",
          "name": "pcs_mode",
          "type": "string",
          "x-vb-defaultValue": "live"
        },{
          "name" : "processDefId",
          "in" : "query",
          "description" : "processDefId",
          "required" : false,
          "type" : "string"
        }, {
          "name" : "processAlias",
          "in" : "query",
          "description" : "Process Alias",
          "required" : false,
          "type" : "string"
        }, {
          "name" : "serviceName",
          "in" : "query",
          "description" : "Service Name",
          "required" : false,
          "type" : "string"
        }, {
          "name" : "operation",
          "in" : "query",
          "description" : "Operation",
          "required" : false,
          "type" : "string"
        }, {
          "name" : "action",
          "in" : "query",
          "description" : "Action - Submit, Save",
          "required" : false,
          "type" : "string"
        } ],
        "responses" : {
          "200" : {
            "description" : "Process Instance succesfully created",
            "schema" : {
              "$ref" : "#/definitions/ProcessInstance"
            }
          },
          "500" : {
            "description" : "Internal Server Error"
          }
        }
      }
    },
    "/processes/{processId}": {
      "get": {
        "operationId": "getProcess",
        "parameters": [
          {
            "description": "Header to send request to PLAYER (PCS Design-time) if its value is set as dev",
            "in": "header",
            "name": "pcs_mode",
            "type": "string",
            "x-vb-defaultValue": "live"
          },
          {
            "description": "Value of process ID.",
            "in": "path",
            "name": "processId",
            "required": true,
            "type": "string"
          },
          {
            "description": "Value of processNumber, if true it will fetch process instance by number, if false it will return process instance by instanceId",
            "in": "query",
            "name": "isProcessNumberFlag",
            "type": "boolean"
          }
        ],
        "produces": [
          "application/json"
        ],
        "responses": {
          "default": {
            "description": "The content returned by the server."
          }
        },
        "summary": "Retrieve a Process Instance",
        "tags": [
          "Manage Processes"
        ]
      }
    },
    "/tasks": {
      "get": {
        "operationId": "getTasks",
        "parameters": [
          {
            "description": "Header to send request to PLAYER (PCS Design-time) if its value is set as dev",
            "in": "header",
            "name": "pcs_mode",
            "type": "string",
            "x-vb-defaultValue": "live"
          },
          {
            "description": "Task status",
            "in": "query",
            "name": "status",
            "type": "string"
          },
          {
            "description": "Task priority from 1 (highest) to 5 (lowest) or Any (default)",
            "in": "query",
            "items": {
              "type": "string"
            },
            "name": "priority",
            "type": "array"
          },
          {
            "description": "Start of due date range in ISO-8601 format YYYY-MM-DDTHH:MM:SS[.sss]Z",
            "in": "query",
            "name": "dueDateFrom",
            "type": "string"
          },
          {
            "description": "End of due date range in ISO-8601 format YYYY-MM-DDTHH:MM:SS[.sss]Z",
            "in": "query",
            "name": "dueDateTo",
            "type": "string"
          },
          {
            "description": "Task assignees - MY, GROUP, MY_AND_GROUP (default), MY_AND_GROUP_ALL, REPORTEES, OWNER, REVIEWER, PREVIOUS, ALL, ADMIN",
            "in": "query",
            "name": "assignment",
            "type": "string"
          },
          {
            "description": "Keyword in task title",
            "in": "query",
            "name": "keyword",
            "type": "string"
          },
          {
            "description": "Previous task assignee in process",
            "in": "query",
            "items": {
              "type": "string"
            },
            "name": "fromuser",
            "type": "array"
          },
          {
            "description": "Includes only tasks in a given process",
            "in": "query",
            "items": {
              "type": "string"
            },
            "name": "process",
            "type": "array"
          },
          {
            "description": "Maximum number of items per page, between 1 and 100, default 25",
            "in": "query",
            "name": "limit",
            "type": "integer"
          },
          {
            "description": "Index for the first item on a page of list items",
            "in": "query",
            "name": "offset",
            "type": "integer"
          },
          {
            "description": "Field with which results are to be ordered.  Given as orderBy=fieldname:asc/desc, default is asc for ascending.",
            "in": "query",
            "name": "orderBy",
            "type": "string"
          },
          {
            "description": "Displays only the selected task attributes",
            "in": "query",
            "items": {
              "type": "string"
            },
            "name": "fields",
            "type": "array"
          },
          {
            "description": "Filters tasks",
            "in": "query",
            "name": "pattern",
            "type": "string"
          },
          {
            "description": "Show Action - true or false",
            "in": "query",
            "name": "showActionFlag",
            "type": "boolean"
          },
          {
            "description": "Show Permission - true or false",
            "in": "query",
            "name": "showPermissionFlag",
            "type": "boolean"
          },
          {
            "description": "Metadata - true or false",
            "in": "query",
            "name": "metadataFlag",
            "type": "boolean"
          },
          {
            "description": "Total Result - true or false",
            "in": "query",
            "name": "totalResults",
            "type": "boolean"
          },
          {
            "description": "Returned items must be created or updated later than the specified time, in ISO-8601 format YYYY-MM-DDTHH:MM:SS[.sss]Z",
            "in": "query",
            "name": "since",
            "type": "string"
          },
          {
            "description": "Returned items must be created or updated before the specified time, in ISO-8601 format YYYY-MM-DDTHH:MM:SS[.sss]Z",
            "in": "query",
            "name": "until",
            "type": "string"
          },
          {
            "description": "Displays tasks for a given process definition id ",
            "in": "query",
            "items": {
              "type": "string"
            },
            "name": "processDefId",
            "type": "array"
          },
          {
            "description": "Displays tasks for the given instance id values ",
            "in": "query",
            "items": {
              "type": "string"
            },
            "name": "instanceId",
            "type": "array"
          }
        ],
        "produces": [
          "application/json"
        ],
        "responses": {
          "default": {
            "description": "Success",
            "schema": {
              "$ref": "#/definitions/CollectionTask"
            }
          }
        },
        "summary": "Retrieve a Task List",
        "tags": [
          "Manage Tasks"
        ],
        "x-vb-actionHint": "retrieveMany"
      }
    },
    "/tasks/{id}": {
      "get": {
        "operationId": "getTask",
        "parameters": [
          {
            "description": "Header to send request to PLAYER (PCS Design-time) if its value is set as dev",
            "in": "header",
            "name": "pcs_mode",
            "type": "string",
            "x-vb-defaultValue": "live"
          },
          {
            "description": "Task ID",
            "in": "path",
            "name": "id",
            "required": true,
            "type": "string"
          },
          {
            "description": "Value of all fields that are to be expanded (detailed) - All, comments, attachments, history, payload. If not specified Links to each of the fields is returned. ",
            "in": "query",
            "name": "expand",
            "required": true,
            "type": "string"
          },
          {
            "description": "Metadata - true or false",
            "in": "query",
            "name": "metadataFlag",
            "required": true,
            "type": "boolean"
          }
        ],
        "produces": [
          "application/json"
        ],
        "responses": {
          "default": {
            "description": "Success",
            "schema": {
              "$ref": "#/definitions/Task"
            }
          }
        },
        "summary": "Retrieve a Task",
        "tags": [
          "Manage Tasks"
        ],
        "x-vb-actionHint": "retrieveOne"
      },
      "put": {
        "consumes": [
          "application/json"
        ],
        "operationId": "performTaskAction",
        "parameters": [
          {
            "description": "Header to send request to PLAYER (PCS Design-time) if its value is set as dev",
            "in": "header",
            "name": "pcs_mode",
            "type": "string",
            "x-vb-defaultValue": "live"
          },
          {
            "description": "Task ID",
            "in": "path",
            "name": "id",
            "required": true,
            "type": "string"
          },
          {
            "description": "Payload",
            "in": "body",
            "name": "body",
            "required": true,
            "schema": {
              "$ref": "#/definitions/Payload"
            }
          }
        ],
        "produces": [
          "application/json"
        ],
        "responses": {
          "default": {
            "description": "The content returned by the server."
          }
        },
        "summary": "Perform Action on Task",
        "tags": [
          "Manage Tasks"
        ]
      }
    }
  },
  "schemes": [
    "http", "https"
  ],
  "swagger": "2.0",
  "tags": [
    {
      "description": "Retrieve Process Definitions",
      "name": "Manage Process Definitions"
    },
    {
      "description": "Create and retrieve information about process instances.",
      "name": "Manage Processes"
    },
    {
      "description": "Retrieve task lists. Retrieve, create, update, and delete tasks.",
      "name": "Manage Tasks"
    }
  ]
}
