{
    "fields": [
        {
            "hidden": false,
            "id": "id",
            "internal": true,
            "key": true,
            "oid": "4ee8e23a-179b-4bca-8a9d-53d06837a841",
            "required": true,
            "singularName": "Id",
            "type": "number",
            "unique": true
        },
        {
            "hidden": false,
            "id": "creationDate",
            "internal": true,
            "key": false,
            "oid": "2dafcc4a-d0b3-40bd-9e5e-e736bb1ed75a",
            "singularName": "Creation Date",
            "type": "datetime"
        },
        {
            "hidden": false,
            "id": "lastUpdateDate",
            "internal": true,
            "key": false,
            "oid": "b317ad0a-a27f-48dc-9208-896722f4c6ef",
            "singularName": "Last Update Date",
            "type": "datetime"
        },
        {
            "hidden": false,
            "id": "createdBy",
            "internal": true,
            "key": false,
            "oid": "a4e7eb45-3f30-41e1-a2ef-921fa5ed0939",
            "singularName": "Created By",
            "type": "string"
        },
        {
            "hidden": false,
            "id": "lastUpdatedBy",
            "internal": true,
            "key": false,
            "oid": "af8f9498-0a3b-4605-8833-247490c92436",
            "singularName": "Last Updated By",
            "type": "string"
        },
        {
            "hidden": true,
            "id": "abcsChangeNumber",
            "internal": true,
            "key": false,
            "oid": "8f9676a2-2519-40c5-b5ac-31564a3b830b",
            "singularName": "Update ID",
            "type": "number"
        },
        {
            "id": "name",
            "oid": "952ca602-704c-4d84-a75a-18e2b93da5c6",
            "singularName": "name",
            "type": "string"
        }
    ],
    "hidden": false,
    "id": "Room",
    "oid": "b4d16994-f379-4223-998c-005ad115f823",
    "singularName": "Room"
}