{
    "fields": [
        {
            "hidden": false,
            "id": "id",
            "internal": true,
            "key": true,
            "oid": "9bcea1d1-4621-44e0-a07b-41be8c754b5e",
            "required": true,
            "singularName": "Id",
            "type": "number",
            "unique": true
        },
        {
            "hidden": false,
            "id": "creationDate",
            "internal": true,
            "key": false,
            "oid": "45264154-6409-4623-bf84-e826aca8b3ef",
            "singularName": "Creation Date",
            "type": "datetime"
        },
        {
            "hidden": false,
            "id": "lastUpdateDate",
            "internal": true,
            "key": false,
            "oid": "5ac9e910-3230-46f2-b2b4-8567de1c343a",
            "singularName": "Last Update Date",
            "type": "datetime"
        },
        {
            "hidden": false,
            "id": "createdBy",
            "internal": true,
            "key": false,
            "oid": "8d798f7a-1168-4c09-95ea-6f7cd3dd167f",
            "singularName": "Created By",
            "type": "string"
        },
        {
            "hidden": false,
            "id": "lastUpdatedBy",
            "internal": true,
            "key": false,
            "oid": "5c73abc7-740d-4711-8ec4-4363e6806e31",
            "singularName": "Last Updated By",
            "type": "string"
        },
        {
            "hidden": true,
            "id": "abcsChangeNumber",
            "internal": true,
            "key": false,
            "oid": "36369656-8514-4040-b104-e34467b388b1",
            "singularName": "Update ID",
            "type": "number"
        },
        {
            "id": "name",
            "oid": "5d6874bb-b4fa-41aa-987c-663b6520a611",
            "singularName": "name",
            "type": "string"
        }
    ],
    "hidden": false,
    "id": "Room",
    "oid": "703de291-5c9d-468d-804c-eb364b9ddac9",
    "singularName": "Room"
}