{
    "fields": [
        {
            "hidden": false,
            "id": "id",
            "internal": true,
            "key": true,
            "oid": "7eb6c7d7-fd1d-4235-b13f-d76ba224c88e",
            "required": true,
            "singularName": "Id",
            "type": "number",
            "unique": true
        },
        {
            "hidden": false,
            "id": "creationDate",
            "internal": true,
            "key": false,
            "oid": "612d2493-d95f-4cf8-a63a-7453315bf55d",
            "singularName": "Creation Date",
            "type": "datetime"
        },
        {
            "hidden": false,
            "id": "lastUpdateDate",
            "internal": true,
            "key": false,
            "oid": "aa36539e-c319-469e-bd1b-1876869af063",
            "singularName": "Last Update Date",
            "type": "datetime"
        },
        {
            "hidden": false,
            "id": "createdBy",
            "internal": true,
            "key": false,
            "oid": "f24aa70d-e3fb-4a82-b355-2b370c5edd69",
            "singularName": "Created By",
            "type": "string"
        },
        {
            "hidden": false,
            "id": "lastUpdatedBy",
            "internal": true,
            "key": false,
            "oid": "f4394ff7-ca03-4385-b357-153c888a19ed",
            "singularName": "Last Updated By",
            "type": "string"
        },
        {
            "hidden": true,
            "id": "abcsChangeNumber",
            "internal": true,
            "key": false,
            "oid": "f7b833cb-5592-415e-878d-75a31c1b65fb",
            "singularName": "Update ID",
            "type": "number"
        },
        {
            "id": "firstName",
            "oid": "29fed264-c213-41c1-89fd-9316536ba4a9",
            "singularName": "firstName",
            "type": "string"
        },
        {
            "id": "lastName",
            "oid": "6d748235-4458-46df-8b0f-05f615580bae",
            "singularName": "lastName",
            "type": "string"
        },
        {
            "id": "fullName",
            "oid": "201ebfe1-8841-4332-aafb-45c127d8b741",
            "singularName": "fullName",
            "type": "string"
        }
    ],
    "hidden": false,
    "id": "Instructor",
    "oid": "b10a8c8d-3842-4b43-bb55-14825cd78399",
    "singularName": "Instructor"
}