{
    "fields": [
        {
            "hidden": false,
            "id": "id",
            "internal": true,
            "key": true,
            "oid": "c7505c30-7bd6-49ce-8066-62afbe1b2466",
            "required": true,
            "singularName": "Id",
            "type": "number",
            "unique": true
        },
        {
            "hidden": false,
            "id": "creationDate",
            "internal": true,
            "key": false,
            "oid": "a088afad-e129-4e07-a207-256f52df4b31",
            "singularName": "Creation Date",
            "type": "datetime"
        },
        {
            "hidden": false,
            "id": "lastUpdateDate",
            "internal": true,
            "key": false,
            "oid": "be6e5cf7-b38a-40f8-b6e9-8621d947c694",
            "singularName": "Last Update Date",
            "type": "datetime"
        },
        {
            "hidden": false,
            "id": "createdBy",
            "internal": true,
            "key": false,
            "oid": "1004e72e-9083-4e34-a156-d339c503cde2",
            "singularName": "Created By",
            "type": "string"
        },
        {
            "hidden": false,
            "id": "lastUpdatedBy",
            "internal": true,
            "key": false,
            "oid": "91308822-d374-4093-b0c5-752e22998c11",
            "singularName": "Last Updated By",
            "type": "string"
        },
        {
            "hidden": true,
            "id": "abcsChangeNumber",
            "internal": true,
            "key": false,
            "oid": "e77d3953-a3e8-46a5-8f56-bba6779f07f2",
            "singularName": "Update ID",
            "type": "number"
        },
        {
            "id": "name",
            "oid": "9c8906a3-0d8f-400a-986e-2b30fb9db770",
            "singularName": "name",
            "type": "string"
        }
    ],
    "hidden": false,
    "id": "Term",
    "oid": "5014fd9f-90bb-42a5-a8b6-0e4c4ee8c4b7",
    "singularName": "Term"
}