{
    "fields": [
        {
            "hidden": false,
            "id": "id",
            "internal": true,
            "key": true,
            "oid": "19ef6cd8-6007-45d3-ba94-c5f618eb11fd",
            "required": true,
            "singularName": "Id",
            "type": "number",
            "unique": true
        },
        {
            "hidden": false,
            "id": "creationDate",
            "internal": true,
            "key": false,
            "oid": "2b6abd86-24c0-42dd-b619-078b9abd12a2",
            "singularName": "Creation Date",
            "type": "datetime"
        },
        {
            "hidden": false,
            "id": "lastUpdateDate",
            "internal": true,
            "key": false,
            "oid": "95679d7e-7612-44a4-a576-c767e3166648",
            "singularName": "Last Update Date",
            "type": "datetime"
        },
        {
            "hidden": false,
            "id": "createdBy",
            "internal": true,
            "key": false,
            "oid": "6b92db85-b641-4b67-a74f-34399ef7725d",
            "singularName": "Created By",
            "type": "string"
        },
        {
            "hidden": false,
            "id": "lastUpdatedBy",
            "internal": true,
            "key": false,
            "oid": "2d049e01-8b7d-41bb-baef-e9002b6de58c",
            "singularName": "Last Updated By",
            "type": "string"
        },
        {
            "hidden": true,
            "id": "abcsChangeNumber",
            "internal": true,
            "key": false,
            "oid": "ec16424e-1b3f-475e-bf9f-5cb05a1cddeb",
            "singularName": "Update ID",
            "type": "number"
        },
        {
            "id": "name",
            "oid": "4300a442-bacc-498b-8600-8f1aa156e29a",
            "singularName": "name",
            "type": "string"
        }
    ],
    "hidden": false,
    "id": "Term",
    "oid": "20f79319-c1fa-40fa-8d25-025890f93dcc",
    "singularName": "Term"
}