{
    "fields": [
        {
            "hidden": false,
            "id": "id",
            "internal": true,
            "key": true,
            "oid": "687ad367-7eb1-47d7-8385-44aa811ad9e2",
            "required": true,
            "singularName": "Id",
            "type": "number",
            "unique": true
        },
        {
            "hidden": false,
            "id": "creationDate",
            "internal": true,
            "key": false,
            "oid": "ef62ccd0-cbd6-4974-8194-617e645a910d",
            "singularName": "Creation Date",
            "type": "datetime"
        },
        {
            "hidden": false,
            "id": "lastUpdateDate",
            "internal": true,
            "key": false,
            "oid": "ce1e9ffb-2066-4e8f-8cfc-7f733b382b45",
            "singularName": "Last Update Date",
            "type": "datetime"
        },
        {
            "hidden": false,
            "id": "createdBy",
            "internal": true,
            "key": false,
            "oid": "c01c5298-e50c-4341-8499-e40bbcf5017d",
            "singularName": "Created By",
            "type": "string"
        },
        {
            "hidden": false,
            "id": "lastUpdatedBy",
            "internal": true,
            "key": false,
            "oid": "8f96517b-552c-4c12-a629-2cd8dc5629d5",
            "singularName": "Last Updated By",
            "type": "string"
        },
        {
            "hidden": true,
            "id": "abcsChangeNumber",
            "internal": true,
            "key": false,
            "oid": "c5d633a5-d777-40cb-a4f2-e8058d782743",
            "singularName": "Update ID",
            "type": "number"
        },
        {
            "id": "course",
            "oid": "fc24a52f-c8c6-4a86-9862-d2ccd59a1e0f",
            "required": true,
            "singularName": "course",
            "type": "reference"
        },
        {
            "id": "prerequisite",
            "oid": "2e8d27fc-7325-4c7d-bb27-1646bce9d3cd",
            "required": true,
            "singularName": "prerequisite",
            "type": "reference"
        }
    ],
    "hidden": false,
    "id": "PrerequisiteCourse",
    "oid": "5cebf194-3ece-47fe-bab6-6ace761daafc",
    "relations": [
        {
            "accessorId": "courseObject",
            "cardinality": "manyToOne",
            "defaultDisplayFieldId": "title",
            "deleteRule": "restrict",
            "mappingFieldId": "course",
            "sourceEntityId": "PrerequisiteCourse",
            "targetEntityId": "Course"
        },
        {
            "accessorId": "prerequisiteObject",
            "cardinality": "manyToOne",
            "defaultDisplayFieldId": "title",
            "deleteRule": "restrict",
            "mappingFieldId": "prerequisite",
            "sourceEntityId": "PrerequisiteCourse",
            "targetEntityId": "Course"
        }
    ],
    "singularName": "Prerequisite Course"
}