{
    "fields": [
        {
            "hidden": false,
            "id": "id",
            "internal": true,
            "key": true,
            "oid": "d8de61e9-b46d-4718-922f-cba333f35586",
            "required": true,
            "singularName": "Id",
            "type": "number",
            "unique": true
        },
        {
            "hidden": false,
            "id": "creationDate",
            "internal": true,
            "key": false,
            "oid": "3164d226-79a6-42c1-8146-17c19afcbb32",
            "singularName": "Creation Date",
            "type": "datetime"
        },
        {
            "hidden": false,
            "id": "lastUpdateDate",
            "internal": true,
            "key": false,
            "oid": "cc15996a-c4db-4ac7-bc87-6c86dd1981e5",
            "singularName": "Last Update Date",
            "type": "datetime"
        },
        {
            "hidden": false,
            "id": "createdBy",
            "internal": true,
            "key": false,
            "oid": "81eb71b6-b823-48b7-bfc5-d8fc7560bb5e",
            "singularName": "Created By",
            "type": "string"
        },
        {
            "hidden": false,
            "id": "lastUpdatedBy",
            "internal": true,
            "key": false,
            "oid": "7b105647-c425-4aaf-9b32-9dfe71fbe51e",
            "singularName": "Last Updated By",
            "type": "string"
        },
        {
            "hidden": true,
            "id": "abcsChangeNumber",
            "internal": true,
            "key": false,
            "oid": "ab6bd0e1-7dc4-499a-ade7-e496b97d0152",
            "singularName": "Update ID",
            "type": "number"
        },
        {
            "id": "course",
            "oid": "12eea46f-e14a-406e-9f23-39ad35e37201",
            "required": false,
            "singularName": "course",
            "type": "reference"
        },
        {
            "id": "term",
            "oid": "59ebcb70-607a-4f21-96ff-2f7777ab2174",
            "singularName": "term",
            "type": "reference"
        },
        {
            "id": "name",
            "oid": "7f1ef42e-234b-4e04-95c9-62c30edfaee4",
            "singularName": "name",
            "type": "string"
        },
        {
            "id": "daysOffered",
            "oid": "324dbdc1-caf5-4d34-ba3e-a994ce016ee9",
            "singularName": "daysOffered",
            "type": "string"
        },
        {
            "id": "startTime",
            "oid": "9c3f8d9f-773c-4667-8eea-907f39b9e351",
            "singularName": "startTime",
            "type": "time"
        },
        {
            "id": "endTime",
            "oid": "14b87251-973e-4953-b92f-3d12e5cecfcb",
            "singularName": "endTime",
            "type": "time"
        },
        {
            "id": "enrollmentLimit",
            "oid": "ff5b4611-aa33-419b-a131-6ff3968faa79",
            "singularName": "enrollmentLimit",
            "type": "number"
        },
        {
            "id": "enrolled",
            "oid": "72210bed-91dd-4ac9-af1c-3f828adfb48e",
            "singularName": "enrolled",
            "type": "number"
        },
        {
            "id": "waitlistLimit",
            "oid": "bd232bdf-13d2-414a-bd4c-da8825170390",
            "singularName": "waitlistLimit",
            "type": "number"
        },
        {
            "id": "waitlisted",
            "oid": "03391a44-a3cf-41de-93f8-8dbf777b0b22",
            "singularName": "waitlisted",
            "type": "number"
        },
        {
            "id": "seatsOpen",
            "oid": "ea55aef6-7a9b-4983-97f9-f012777354ef",
            "singularName": "seatsOpen",
            "type": "number"
        },
        {
            "id": "room",
            "oid": "76fd997a-0ec8-4bd1-ae56-d3d58f2f03d2",
            "singularName": "room",
            "type": "reference"
        }
    ],
    "hidden": false,
    "id": "Class",
    "oid": "ae992a4e-2485-4163-911d-6437f0c70abe",
    "relations": [
        {
            "accessorId": "courseObject",
            "cardinality": "manyToOne",
            "defaultDisplayFieldId": "title",
            "deleteRule": "restrict",
            "mappingFieldId": "course",
            "sourceEntityId": "Class",
            "targetEntityId": "Course"
        },
        {
            "accessorId": "roomObject",
            "cardinality": "manyToOne",
            "defaultDisplayFieldId": "id",
            "deleteRule": "restrict",
            "mappingFieldId": "room",
            "sourceEntityId": "Class",
            "targetEntityId": "Room"
        },
        {
            "accessorId": "termObject",
            "cardinality": "manyToOne",
            "defaultDisplayFieldId": "name",
            "deleteRule": "restrict",
            "mappingFieldId": "term",
            "sourceEntityId": "Class",
            "targetEntityId": "Term"
        }
    ],
    "singularName": "Class"
}