{
    "fields": [
        {
            "hidden": false,
            "id": "id",
            "internal": true,
            "key": true,
            "oid": "c7610fc2-2e62-4277-9c74-19374bd88613",
            "required": true,
            "singularName": "Id",
            "type": "number",
            "unique": true
        },
        {
            "hidden": false,
            "id": "creationDate",
            "internal": true,
            "key": false,
            "oid": "b432f7a4-84ab-4ee1-9b9a-163ac8deff70",
            "singularName": "Creation Date",
            "type": "datetime"
        },
        {
            "hidden": false,
            "id": "lastUpdateDate",
            "internal": true,
            "key": false,
            "oid": "307755c7-2a61-4518-9eb6-600ca6b2e079",
            "singularName": "Last Update Date",
            "type": "datetime"
        },
        {
            "hidden": false,
            "id": "createdBy",
            "internal": true,
            "key": false,
            "oid": "f8d0e15d-7a93-4d5f-8d1e-91416d5e7b91",
            "singularName": "Created By",
            "type": "string"
        },
        {
            "hidden": false,
            "id": "lastUpdatedBy",
            "internal": true,
            "key": false,
            "oid": "66c7ef0c-24e8-44de-aa87-983d26a78cda",
            "singularName": "Last Updated By",
            "type": "string"
        },
        {
            "hidden": true,
            "id": "abcsChangeNumber",
            "internal": true,
            "key": false,
            "oid": "875737dc-4d5c-414d-861c-da247871f166",
            "singularName": "Update ID",
            "type": "number"
        },
        {
            "id": "firstName",
            "oid": "8c4877bd-32a9-4ae5-ab66-f3c9b40f0229",
            "singularName": "firstName",
            "type": "string"
        },
        {
            "id": "lastName",
            "oid": "73d411b6-6a0b-4dab-b0c3-fdab3e09e9f7",
            "singularName": "lastName",
            "type": "string"
        },
        {
            "id": "fullName",
            "oid": "6976ddf2-9afc-46d5-8cac-e9c082d7189e",
            "singularName": "fullName",
            "type": "string"
        }
    ],
    "hidden": false,
    "id": "Instructor",
    "oid": "d71490f5-e4fe-4c67-891d-cdae9dc1273d",
    "singularName": "Instructor"
}