{
    "fields": [
        {
            "hidden": false,
            "id": "id",
            "internal": true,
            "key": true,
            "oid": "53931e68-660c-47ee-a316-8ece29e2793c",
            "required": true,
            "singularName": "Id",
            "type": "number",
            "unique": true
        },
        {
            "hidden": false,
            "id": "creationDate",
            "internal": true,
            "key": false,
            "oid": "383e5a68-6493-46c3-b16d-b8963f03df26",
            "singularName": "Creation Date",
            "type": "datetime"
        },
        {
            "hidden": false,
            "id": "lastUpdateDate",
            "internal": true,
            "key": false,
            "oid": "55c0466c-46d1-40ef-ba6a-4c5389e5ec47",
            "singularName": "Last Update Date",
            "type": "datetime"
        },
        {
            "hidden": false,
            "id": "createdBy",
            "internal": true,
            "key": false,
            "oid": "4320f6cc-22a7-4cee-a225-abb0cc1f4545",
            "singularName": "Created By",
            "type": "string"
        },
        {
            "hidden": false,
            "id": "lastUpdatedBy",
            "internal": true,
            "key": false,
            "oid": "96567e2d-7932-41aa-834d-5da794597873",
            "singularName": "Last Updated By",
            "type": "string"
        },
        {
            "hidden": true,
            "id": "abcsChangeNumber",
            "internal": true,
            "key": false,
            "oid": "ac2325db-35bc-473b-903c-dbd78f4e89bb",
            "singularName": "Update ID",
            "type": "number"
        },
        {
            "id": "instructor",
            "oid": "0e688878-140c-4a03-b164-523bbd912ab6",
            "required": true,
            "singularName": "instructor",
            "type": "reference"
        },
        {
            "id": "class",
            "oid": "6807cb90-bd0f-4cf8-997b-333596bbc8c5",
            "required": true,
            "singularName": "class",
            "type": "reference"
        }
    ],
    "hidden": false,
    "id": "ClassInstructor",
    "oid": "abc40aeb-5c1a-4b1c-bfab-ed6b6075919a",
    "relations": [
        {
            "accessorId": "classObject",
            "cardinality": "manyToOne",
            "defaultDisplayFieldId": "name",
            "deleteRule": "restrict",
            "mappingFieldId": "class",
            "sourceEntityId": "ClassInstructor",
            "targetEntityId": "Class"
        },
        {
            "accessorId": "instructorObject",
            "cardinality": "manyToOne",
            "defaultDisplayFieldId": "id",
            "deleteRule": "restrict",
            "mappingFieldId": "instructor",
            "sourceEntityId": "ClassInstructor",
            "targetEntityId": "Instructor"
        }
    ],
    "singularName": "Class Instructor"
}