{
    "fields": [
        {
            "hidden": false,
            "id": "id",
            "internal": true,
            "key": true,
            "oid": "1d166a44-a449-4d41-8cf8-ac56c2f5897f",
            "required": true,
            "singularName": "Id",
            "type": "number",
            "unique": true
        },
        {
            "hidden": false,
            "id": "creationDate",
            "internal": true,
            "key": false,
            "oid": "65fd0ee1-b431-46a4-ba89-d1e03d19d6a4",
            "singularName": "Creation Date",
            "type": "datetime"
        },
        {
            "hidden": false,
            "id": "lastUpdateDate",
            "internal": true,
            "key": false,
            "oid": "cb21f063-6444-4d64-8018-91b30ab61d35",
            "singularName": "Last Update Date",
            "type": "datetime"
        },
        {
            "hidden": false,
            "id": "createdBy",
            "internal": true,
            "key": false,
            "oid": "6d2469a0-afa2-4389-9bd9-15969db350fc",
            "singularName": "Created By",
            "type": "string"
        },
        {
            "hidden": false,
            "id": "lastUpdatedBy",
            "internal": true,
            "key": false,
            "oid": "774d1dd5-23bc-4081-8616-88b0fc1eba9c",
            "singularName": "Last Updated By",
            "type": "string"
        },
        {
            "hidden": true,
            "id": "abcsChangeNumber",
            "internal": true,
            "key": false,
            "oid": "980452dd-8cbe-4084-8cd5-ddc81c07a179",
            "singularName": "Update ID",
            "type": "number"
        },
        {
            "id": "title",
            "oid": "73f009d0-a38f-4d5b-ab98-1495b2357109",
            "singularName": "title",
            "type": "string"
        },
        {
            "id": "description",
            "oid": "6cfc2bf9-0ed1-4a15-9023-329f9a64283d",
            "singularName": "description",
            "type": "string"
        },
        {
            "id": "subject",
            "oid": "b1dc2d23-1507-48d6-a4c0-29f07788ce98",
            "singularName": "subject",
            "type": "reference"
        },
        {
            "id": "credits",
            "oid": "95fb6170-9008-4275-9c87-41cc9456dc40",
            "singularName": "credits",
            "type": "number"
        },
        {
            "id": "website",
            "oid": "34b8d305-e263-4193-96fa-17fea3c0e777",
            "singularName": "website",
            "type": "string"
        },
        {
            "id": "courseNumber",
            "oid": "e2dac9d2-ab08-4049-bcc1-596627f4b66c",
            "singularName": "courseNumber",
            "type": "string"
        }
    ],
    "hidden": false,
    "id": "Course",
    "oid": "4dc4cf77-f423-4dff-a6dc-15a4b92f4201",
    "relations": [
        {
            "accessorId": "subjectObject",
            "cardinality": "manyToOne",
            "defaultDisplayFieldId": "name",
            "deleteRule": "restrict",
            "mappingFieldId": "subject",
            "sourceEntityId": "Course",
            "targetEntityId": "Subject"
        }
    ],
    "singularName": "Course"
}